precision,accuracy,recall,duration
0.6319872343004955,0.712852897473997,0.6170536644749176,16637.687533140182
