precision,accuracy,recall,duration
0.8168005038576602,0.9205271565495208,0.8636511388091822,67.35517811775208
