precision,accuracy,recall,duration
0.896877661610906,0.897967563128721,0.9028464261747264,6516.61612200737
