precision,accuracy,recall,duration
0.8332145455948838,0.9285327558202491,0.8280527152780544,70.5509843826294
