precision,accuracy,recall,duration
0.857386984307646,0.7738478027867095,0.6955266955266955,484.4279041290283
