precision,accuracy,recall,duration
0.520118390662247,0.5550646891763963,0.6187847948871461,10143.411860227585
